url	md5	Data collection	Data type	Analysis group	Sample	Population	Data reuse policy
ftp://ftp.sra.ebi.ac.uk/vol1/run/ERR324/ERR3242946/HG02879.final.cram	c64e4f7df2ca95ba66fd6e34a7ef8307	1000 Genomes 30x on GRCh38	alignment	PCR-free high coverage	HG02879	Gambian in Western Division, The Gambia - Mandinka	http://ftp.1000genomes.ebi.ac.uk/vol1/ftp/data_collections/1000G_2504_high_coverage/20200526_1000G_2504plus698_high_cov_data_reuse_README.txt
ftp://ftp.sra.ebi.ac.uk/vol1/run/ERR324/ERR3242359/HG02464.final.cram	c2448e6b8fd8083fc961eeb87ea0975e	1000 Genomes 30x on GRCh38	alignment	PCR-free high coverage	HG02464	Gambian in Western Division, The Gambia - Mandinka	http://ftp.1000genomes.ebi.ac.uk/vol1/ftp/data_collections/1000G_2504_high_coverage/20200526_1000G_2504plus698_high_cov_data_reuse_README.txt
ftp://ftp.sra.ebi.ac.uk/vol1/run/ERR324/ERR3242365/HG02573.final.cram	55b4fecfd2e450b1ee44f0965f6893b8	1000 Genomes 30x on GRCh38	alignment	PCR-free high coverage	HG02573	Gambian in Western Division, The Gambia - Mandinka	http://ftp.1000genomes.ebi.ac.uk/vol1/ftp/data_collections/1000G_2504_high_coverage/20200526_1000G_2504plus698_high_cov_data_reuse_README.txt
ftp://ftp.sra.ebi.ac.uk/vol1/run/ERR324/ERR3242372/HG02589.final.cram	cd0a054b35c3c6e9d942ca05f4b398ff	1000 Genomes 30x on GRCh38	alignment	PCR-free high coverage	HG02589	Gambian in Western Division, The Gambia - Mandinka	http://ftp.1000genomes.ebi.ac.uk/vol1/ftp/data_collections/1000G_2504_high_coverage/20200526_1000G_2504plus698_high_cov_data_reuse_README.txt
ftp://ftp.sra.ebi.ac.uk/vol1/run/ERR324/ERR3242377/HG02620.final.cram	6edd8ddc737653be71cb572bb1a19974	1000 Genomes 30x on GRCh38	alignment	PCR-free high coverage	HG02620	Gambian in Western Division, The Gambia - Mandinka	http://ftp.1000genomes.ebi.ac.uk/vol1/ftp/data_collections/1000G_2504_high_coverage/20200526_1000G_2504plus698_high_cov_data_reuse_README.txt
ftp://ftp.sra.ebi.ac.uk/vol1/run/ERR324/ERR3242379/HG02623.final.cram	1da2c4f57a6a6f85a07401c2a805e8de	1000 Genomes 30x on GRCh38	alignment	PCR-free high coverage	HG02623	Gambian in Western Division, The Gambia - Mandinka	http://ftp.1000genomes.ebi.ac.uk/vol1/ftp/data_collections/1000G_2504_high_coverage/20200526_1000G_2504plus698_high_cov_data_reuse_README.txt
ftp://ftp.sra.ebi.ac.uk/vol1/run/ERR324/ERR3242384/HG02643.final.cram	32e0a11340764ea95eab0c2ce90dd22f	1000 Genomes 30x on GRCh38	alignment	PCR-free high coverage	HG02643	Gambian in Western Division, The Gambia - Mandinka	http://ftp.1000genomes.ebi.ac.uk/vol1/ftp/data_collections/1000G_2504_high_coverage/20200526_1000G_2504plus698_high_cov_data_reuse_README.txt
ftp://ftp.sra.ebi.ac.uk/vol1/run/ERR324/ERR3242392/HG02679.final.cram	7248c99f0402e11b0183a8eb63ff6998	1000 Genomes 30x on GRCh38	alignment	PCR-free high coverage	HG02679	Gambian in Western Division, The Gambia - Mandinka	http://ftp.1000genomes.ebi.ac.uk/vol1/ftp/data_collections/1000G_2504_high_coverage/20200526_1000G_2504plus698_high_cov_data_reuse_README.txt
ftp://ftp.sra.ebi.ac.uk/vol1/run/ERR324/ERR3242417/HG02610.final.cram	6e024326e2df09291c6d6df8edf6c9f0	1000 Genomes 30x on GRCh38	alignment	PCR-free high coverage	HG02610	Gambian in Western Division, The Gambia - Mandinka	http://ftp.1000genomes.ebi.ac.uk/vol1/ftp/data_collections/1000G_2504_high_coverage/20200526_1000G_2504plus698_high_cov_data_reuse_README.txt
ftp://ftp.sra.ebi.ac.uk/vol1/run/ERR324/ERR3242424/HG02769.final.cram	f606baec55528b47dfc39d05ee8eb25d	1000 Genomes 30x on GRCh38	alignment	PCR-free high coverage	HG02769	Gambian in Western Division, The Gambia - Mandinka	http://ftp.1000genomes.ebi.ac.uk/vol1/ftp/data_collections/1000G_2504_high_coverage/20200526_1000G_2504plus698_high_cov_data_reuse_README.txt
ftp://ftp.sra.ebi.ac.uk/vol1/run/ERR324/ERR3242429/HG02804.final.cram	421bf4b62f3fcd0848424e521841153b	1000 Genomes 30x on GRCh38	alignment	PCR-free high coverage	HG02804	Gambian in Western Division, The Gambia - Mandinka	http://ftp.1000genomes.ebi.ac.uk/vol1/ftp/data_collections/1000G_2504_high_coverage/20200526_1000G_2504plus698_high_cov_data_reuse_README.txt
ftp://ftp.sra.ebi.ac.uk/vol1/run/ERR324/ERR3242430/HG02805.final.cram	7877194d55ed342db7c0832a97d290de	1000 Genomes 30x on GRCh38	alignment	PCR-free high coverage	HG02805	Gambian in Western Division, The Gambia - Mandinka	http://ftp.1000genomes.ebi.ac.uk/vol1/ftp/data_collections/1000G_2504_high_coverage/20200526_1000G_2504plus698_high_cov_data_reuse_README.txt
ftp://ftp.sra.ebi.ac.uk/vol1/run/ERR324/ERR3242437/HG02839.final.cram	187d029c68d75c862ddc78a495ad4cda	1000 Genomes 30x on GRCh38	alignment	PCR-free high coverage	HG02839	Gambian in Western Division, The Gambia - Mandinka	http://ftp.1000genomes.ebi.ac.uk/vol1/ftp/data_collections/1000G_2504_high_coverage/20200526_1000G_2504plus698_high_cov_data_reuse_README.txt
ftp://ftp.sra.ebi.ac.uk/vol1/run/ERR324/ERR3242442/HG02888.final.cram	0a027a3a10adcace6348483262f4f9ec	1000 Genomes 30x on GRCh38	alignment	PCR-free high coverage	HG02888	Gambian in Western Division, The Gambia - Mandinka	http://ftp.1000genomes.ebi.ac.uk/vol1/ftp/data_collections/1000G_2504_high_coverage/20200526_1000G_2504plus698_high_cov_data_reuse_README.txt
ftp://ftp.sra.ebi.ac.uk/vol1/run/ERR324/ERR3242444/HG02896.final.cram	768db1a4409f542e973c0c1d98af1328	1000 Genomes 30x on GRCh38	alignment	PCR-free high coverage	HG02896	Gambian in Western Division, The Gambia - Mandinka	http://ftp.1000genomes.ebi.ac.uk/vol1/ftp/data_collections/1000G_2504_high_coverage/20200526_1000G_2504plus698_high_cov_data_reuse_README.txt
ftp://ftp.sra.ebi.ac.uk/vol1/run/ERR324/ERR3242449/HG03045.final.cram	68fb4e02e93e51e908016eeb2e4602bf	1000 Genomes 30x on GRCh38	alignment	PCR-free high coverage	HG03045	Gambian in Western Division, The Gambia - Mandinka	http://ftp.1000genomes.ebi.ac.uk/vol1/ftp/data_collections/1000G_2504_high_coverage/20200526_1000G_2504plus698_high_cov_data_reuse_README.txt
ftp://ftp.sra.ebi.ac.uk/vol1/run/ERR324/ERR3242455/HG02756.final.cram	b964bd563298c6258fecc236622d2244	1000 Genomes 30x on GRCh38	alignment	PCR-free high coverage	HG02756	Gambian in Western Division, The Gambia - Mandinka	http://ftp.1000genomes.ebi.ac.uk/vol1/ftp/data_collections/1000G_2504_high_coverage/20200526_1000G_2504plus698_high_cov_data_reuse_README.txt
ftp://ftp.sra.ebi.ac.uk/vol1/run/ERR324/ERR3242457/HG02816.final.cram	5ec641fbdeedee8f8b5c6bb71c7c3bac	1000 Genomes 30x on GRCh38	alignment	PCR-free high coverage	HG02816	Gambian in Western Division, The Gambia - Mandinka	http://ftp.1000genomes.ebi.ac.uk/vol1/ftp/data_collections/1000G_2504_high_coverage/20200526_1000G_2504plus698_high_cov_data_reuse_README.txt
ftp://ftp.sra.ebi.ac.uk/vol1/run/ERR324/ERR3242462/HG02861.final.cram	305316e162183c07ea54e533adbd7f64	1000 Genomes 30x on GRCh38	alignment	PCR-free high coverage	HG02861	Gambian in Western Division, The Gambia - Mandinka	http://ftp.1000genomes.ebi.ac.uk/vol1/ftp/data_collections/1000G_2504_high_coverage/20200526_1000G_2504plus698_high_cov_data_reuse_README.txt
ftp://ftp.sra.ebi.ac.uk/vol1/run/ERR324/ERR3242941/HG02759.final.cram	240632c025b1d0885e716b8ed0a1a2ff	1000 Genomes 30x on GRCh38	alignment	PCR-free high coverage	HG02759	Gambian in Western Division, The Gambia - Mandinka	http://ftp.1000genomes.ebi.ac.uk/vol1/ftp/data_collections/1000G_2504_high_coverage/20200526_1000G_2504plus698_high_cov_data_reuse_README.txt
ftp://ftp.sra.ebi.ac.uk/vol1/run/ERR324/ERR3242948/HG02882.final.cram	80f487c771f99b5fd69f49e821fcaaf8	1000 Genomes 30x on GRCh38	alignment	PCR-free high coverage	HG02882	Gambian in Western Division, The Gambia - Mandinka	http://ftp.1000genomes.ebi.ac.uk/vol1/ftp/data_collections/1000G_2504_high_coverage/20200526_1000G_2504plus698_high_cov_data_reuse_README.txt
ftp://ftp.sra.ebi.ac.uk/vol1/run/ERR324/ERR3242526/HG03241.final.cram	7e76fb61d4af29b2745808cf03802fa5	1000 Genomes 30x on GRCh38	alignment	PCR-free high coverage	HG03241	Gambian in Western Division, The Gambia - Mandinka	http://ftp.1000genomes.ebi.ac.uk/vol1/ftp/data_collections/1000G_2504_high_coverage/20200526_1000G_2504plus698_high_cov_data_reuse_README.txt
ftp://ftp.sra.ebi.ac.uk/vol1/run/ERR324/ERR3242533/HG02854.final.cram	a337e21a6940e378212d49ebdafbb34c	1000 Genomes 30x on GRCh38	alignment	PCR-free high coverage	HG02854	Gambian in Western Division, The Gambia - Mandinka	http://ftp.1000genomes.ebi.ac.uk/vol1/ftp/data_collections/1000G_2504_high_coverage/20200526_1000G_2504plus698_high_cov_data_reuse_README.txt
ftp://ftp.sra.ebi.ac.uk/vol1/run/ERR398/ERR3989027/HG02569.final.cram	609eea4c5de15310b5374358f17018bb	1000 Genomes 30x on GRCh38	alignment	PCR-free high coverage	HG02569	Gambian in Western Division, The Gambia - Mandinka	http://ftp.1000genomes.ebi.ac.uk/vol1/ftp/data_collections/1000G_2504_high_coverage/20200526_1000G_2504plus698_high_cov_data_reuse_README.txt
ftp://ftp.sra.ebi.ac.uk/vol1/run/ERR398/ERR3989030/HG02584.final.cram	51a5faa161cdfd70df574f5bc30f2bfa	1000 Genomes 30x on GRCh38	alignment	PCR-free high coverage	HG02584	Gambian in Western Division, The Gambia - Mandinka	http://ftp.1000genomes.ebi.ac.uk/vol1/ftp/data_collections/1000G_2504_high_coverage/20200526_1000G_2504plus698_high_cov_data_reuse_README.txt
ftp://ftp.sra.ebi.ac.uk/vol1/run/ERR398/ERR3989032/HG02590.final.cram	56763553762c3c0e4e49a4345c982de2	1000 Genomes 30x on GRCh38	alignment	PCR-free high coverage	HG02590	Gambian in Western Division, The Gambia - Mandinka	http://ftp.1000genomes.ebi.ac.uk/vol1/ftp/data_collections/1000G_2504_high_coverage/20200526_1000G_2504plus698_high_cov_data_reuse_README.txt
ftp://ftp.sra.ebi.ac.uk/vol1/run/ERR398/ERR3989037/HG02615.final.cram	ff7e2341c710647363e51514dbb9ff0b	1000 Genomes 30x on GRCh38	alignment	PCR-free high coverage	HG02615	Gambian in Western Division, The Gambia - Mandinka	http://ftp.1000genomes.ebi.ac.uk/vol1/ftp/data_collections/1000G_2504_high_coverage/20200526_1000G_2504plus698_high_cov_data_reuse_README.txt
ftp://ftp.sra.ebi.ac.uk/vol1/run/ERR398/ERR3989049/HG02668.final.cram	c7abff302e28ed6baccb81f527e330e6	1000 Genomes 30x on GRCh38	alignment	PCR-free high coverage	HG02668	Gambian in Western Division, The Gambia - Mandinka	http://ftp.1000genomes.ebi.ac.uk/vol1/ftp/data_collections/1000G_2504_high_coverage/20200526_1000G_2504plus698_high_cov_data_reuse_README.txt
ftp://ftp.sra.ebi.ac.uk/vol1/run/ERR398/ERR3989067/HG02764.final.cram	88b3c631002f82aec99587e05820f25e	1000 Genomes 30x on GRCh38	alignment	PCR-free high coverage	HG02764	Gambian in Western Division, The Gambia - Mandinka	http://ftp.1000genomes.ebi.ac.uk/vol1/ftp/data_collections/1000G_2504_high_coverage/20200526_1000G_2504plus698_high_cov_data_reuse_README.txt
ftp://ftp.sra.ebi.ac.uk/vol1/run/ERR398/ERR3989077/HG02809.final.cram	bf3254fe5a52da5ded31d2bebbfb6387	1000 Genomes 30x on GRCh38	alignment	PCR-free high coverage	HG02809	Gambian in Western Division, The Gambia - Mandinka	http://ftp.1000genomes.ebi.ac.uk/vol1/ftp/data_collections/1000G_2504_high_coverage/20200526_1000G_2504plus698_high_cov_data_reuse_README.txt
ftp://ftp.sra.ebi.ac.uk/vol1/run/ERR398/ERR3989079/HG02815.final.cram	e6eaeba7516f7cb4bd4fbc459bd666e8	1000 Genomes 30x on GRCh38	alignment	PCR-free high coverage	HG02815	Gambian in Western Division, The Gambia - Mandinka	http://ftp.1000genomes.ebi.ac.uk/vol1/ftp/data_collections/1000G_2504_high_coverage/20200526_1000G_2504plus698_high_cov_data_reuse_README.txt
ftp://ftp.sra.ebi.ac.uk/vol1/run/ERR324/ERR3242940/HG02568.final.cram	2992b5ce8c4412e530ff2054ec45baca	1000 Genomes 30x on GRCh38	alignment	PCR-free high coverage	HG02568	Gambian in Western Division, The Gambia - Mandinka	http://ftp.1000genomes.ebi.ac.uk/vol1/ftp/data_collections/1000G_2504_high_coverage/20200526_1000G_2504plus698_high_cov_data_reuse_README.txt
ftp://ftp.sra.ebi.ac.uk/vol1/run/ERR398/ERR3989084/HG02853.final.cram	a1b4fc34b61d38bde1710ca34919190e	1000 Genomes 30x on GRCh38	alignment	PCR-free high coverage	HG02853	Gambian in Western Division, The Gambia - Mandinka	http://ftp.1000genomes.ebi.ac.uk/vol1/ftp/data_collections/1000G_2504_high_coverage/20200526_1000G_2504plus698_high_cov_data_reuse_README.txt
ftp://ftp.sra.ebi.ac.uk/vol1/run/ERR324/ERR3242947/HG02881.final.cram	96ff8b242a0b5335a6ec10db3152f37d	1000 Genomes 30x on GRCh38	alignment	PCR-free high coverage	HG02881	Gambian in Western Division, The Gambia - Mandinka	http://ftp.1000genomes.ebi.ac.uk/vol1/ftp/data_collections/1000G_2504_high_coverage/20200526_1000G_2504plus698_high_cov_data_reuse_README.txt
ftp://ftp.sra.ebi.ac.uk/vol1/run/ERR398/ERR3989091/HG02886.final.cram	18e9a2e43f927688f15390c4a4c3b12e	1000 Genomes 30x on GRCh38	alignment	PCR-free high coverage	HG02886	Gambian in Western Division, The Gambia - Mandinka	http://ftp.1000genomes.ebi.ac.uk/vol1/ftp/data_collections/1000G_2504_high_coverage/20200526_1000G_2504plus698_high_cov_data_reuse_README.txt
ftp://ftp.sra.ebi.ac.uk/vol1/run/ERR398/ERR3989093/HG02892.final.cram	b6d05d06c431b377a2b3be134c4304eb	1000 Genomes 30x on GRCh38	alignment	PCR-free high coverage	HG02892	Gambian in Western Division, The Gambia - Mandinka	http://ftp.1000genomes.ebi.ac.uk/vol1/ftp/data_collections/1000G_2504_high_coverage/20200526_1000G_2504plus698_high_cov_data_reuse_README.txt
ftp://ftp.sra.ebi.ac.uk/vol1/run/ERR324/ERR3242361/HG02561.final.cram	31a756b38510edbd875b6649d1bc2f27	1000 Genomes 30x on GRCh38	alignment	PCR-free high coverage	HG02561	Gambian in Western Division, The Gambia - Mandinka	http://ftp.1000genomes.ebi.ac.uk/vol1/ftp/data_collections/1000G_2504_high_coverage/20200526_1000G_2504plus698_high_cov_data_reuse_README.txt
ftp://ftp.sra.ebi.ac.uk/vol1/run/ERR398/ERR3989113/HG03035.final.cram	bdcb63338b0b2c5175d09a1eaacca312	1000 Genomes 30x on GRCh38	alignment	PCR-free high coverage	HG03035	Gambian in Western Division, The Gambia - Mandinka	http://ftp.1000genomes.ebi.ac.uk/vol1/ftp/data_collections/1000G_2504_high_coverage/20200526_1000G_2504plus698_high_cov_data_reuse_README.txt
ftp://ftp.sra.ebi.ac.uk/vol1/run/ERR398/ERR3989115/HG03047.final.cram	78ee909b3f95b465a6feb5f5b31d8525	1000 Genomes 30x on GRCh38	alignment	PCR-free high coverage	HG03047	Gambian in Western Division, The Gambia - Mandinka	http://ftp.1000genomes.ebi.ac.uk/vol1/ftp/data_collections/1000G_2504_high_coverage/20200526_1000G_2504plus698_high_cov_data_reuse_README.txt
ftp://ftp.sra.ebi.ac.uk/vol1/run/ERR324/ERR3242367/HG02582.final.cram	3274fe921f2b9c6b5e34568e3865d0f2	1000 Genomes 30x on GRCh38	alignment	PCR-free high coverage	HG02582	Gambian in Western Division, The Gambia - Mandinka	http://ftp.1000genomes.ebi.ac.uk/vol1/ftp/data_collections/1000G_2504_high_coverage/20200526_1000G_2504plus698_high_cov_data_reuse_README.txt
ftp://ftp.sra.ebi.ac.uk/vol1/run/ERR324/ERR3242369/HG02585.final.cram	d02be048ab5a7b1959627127ce40363c	1000 Genomes 30x on GRCh38	alignment	PCR-free high coverage	HG02585	Gambian in Western Division, The Gambia - Mandinka	http://ftp.1000genomes.ebi.ac.uk/vol1/ftp/data_collections/1000G_2504_high_coverage/20200526_1000G_2504plus698_high_cov_data_reuse_README.txt
ftp://ftp.sra.ebi.ac.uk/vol1/run/ERR324/ERR3242374/HG02595.final.cram	62ba848881187fd0e10d6c8ef2afb556	1000 Genomes 30x on GRCh38	alignment	PCR-free high coverage	HG02595	Gambian in Western Division, The Gambia - Mandinka	http://ftp.1000genomes.ebi.ac.uk/vol1/ftp/data_collections/1000G_2504_high_coverage/20200526_1000G_2504plus698_high_cov_data_reuse_README.txt
ftp://ftp.sra.ebi.ac.uk/vol1/run/ERR398/ERR3989140/HG03242.final.cram	a6e79dfced57dfec5be801221f54aaf9	1000 Genomes 30x on GRCh38	alignment	PCR-free high coverage	HG03242	Gambian in Western Division, The Gambia - Mandinka	http://ftp.1000genomes.ebi.ac.uk/vol1/ftp/data_collections/1000G_2504_high_coverage/20200526_1000G_2504plus698_high_cov_data_reuse_README.txt
ftp://ftp.sra.ebi.ac.uk/vol1/run/ERR324/ERR3242381/HG02628.final.cram	cf518f9dc530c0d3b31e84fe606d973a	1000 Genomes 30x on GRCh38	alignment	PCR-free high coverage	HG02628	Gambian in Western Division, The Gambia - Mandinka	http://ftp.1000genomes.ebi.ac.uk/vol1/ftp/data_collections/1000G_2504_high_coverage/20200526_1000G_2504plus698_high_cov_data_reuse_README.txt
ftp://ftp.sra.ebi.ac.uk/vol1/run/ERR398/ERR3989142/HG03249.final.cram	282e2e17d828fbdfc09b5431caf0a785	1000 Genomes 30x on GRCh38	alignment	PCR-free high coverage	HG03249	Gambian in Western Division, The Gambia - Mandinka	http://ftp.1000genomes.ebi.ac.uk/vol1/ftp/data_collections/1000G_2504_high_coverage/20200526_1000G_2504plus698_high_cov_data_reuse_README.txt
ftp://ftp.sra.ebi.ac.uk/vol1/run/ERR324/ERR3242387/HG02666.final.cram	8d93ca7077b3fc9f5162800fb676c684	1000 Genomes 30x on GRCh38	alignment	PCR-free high coverage	HG02666	Gambian in Western Division, The Gambia - Mandinka	http://ftp.1000genomes.ebi.ac.uk/vol1/ftp/data_collections/1000G_2504_high_coverage/20200526_1000G_2504plus698_high_cov_data_reuse_README.txt
ftp://ftp.sra.ebi.ac.uk/vol1/run/ERR324/ERR3242394/HG02703.final.cram	4a43bfaad823df063403fd52c9b00538	1000 Genomes 30x on GRCh38	alignment	PCR-free high coverage	HG02703	Gambian in Western Division, The Gambia - Mandinka	http://ftp.1000genomes.ebi.ac.uk/vol1/ftp/data_collections/1000G_2504_high_coverage/20200526_1000G_2504plus698_high_cov_data_reuse_README.txt
ftp://ftp.sra.ebi.ac.uk/vol1/run/ERR324/ERR3242419/HG02634.final.cram	e2438aca61fbe5da97e0971f45820e8e	1000 Genomes 30x on GRCh38	alignment	PCR-free high coverage	HG02634	Gambian in Western Division, The Gambia - Mandinka	http://ftp.1000genomes.ebi.ac.uk/vol1/ftp/data_collections/1000G_2504_high_coverage/20200526_1000G_2504plus698_high_cov_data_reuse_README.txt
ftp://ftp.sra.ebi.ac.uk/vol1/run/ERR324/ERR3242426/HG02772.final.cram	6e2a8b7984c76f368f1036c9f44a5c5f	1000 Genomes 30x on GRCh38	alignment	PCR-free high coverage	HG02772	Gambian in Western Division, The Gambia - Mandinka	http://ftp.1000genomes.ebi.ac.uk/vol1/ftp/data_collections/1000G_2504_high_coverage/20200526_1000G_2504plus698_high_cov_data_reuse_README.txt
ftp://ftp.sra.ebi.ac.uk/vol1/run/ERR324/ERR3242360/HG02465.final.cram	3846ed67be6e54b3c02d3d70cd8dc7bf	1000 Genomes 30x on GRCh38	alignment	PCR-free high coverage	HG02465	Gambian in Western Division, The Gambia - Mandinka	http://ftp.1000genomes.ebi.ac.uk/vol1/ftp/data_collections/1000G_2504_high_coverage/20200526_1000G_2504plus698_high_cov_data_reuse_README.txt
ftp://ftp.sra.ebi.ac.uk/vol1/run/ERR324/ERR3242432/HG02808.final.cram	65670286bd1a4a4137542adb55cb32e8	1000 Genomes 30x on GRCh38	alignment	PCR-free high coverage	HG02808	Gambian in Western Division, The Gambia - Mandinka	http://ftp.1000genomes.ebi.ac.uk/vol1/ftp/data_collections/1000G_2504_high_coverage/20200526_1000G_2504plus698_high_cov_data_reuse_README.txt
ftp://ftp.sra.ebi.ac.uk/vol1/run/ERR324/ERR3242434/HG02811.final.cram	9fd14014655ab6f8c78ec06d4a7e17a0	1000 Genomes 30x on GRCh38	alignment	PCR-free high coverage	HG02811	Gambian in Western Division, The Gambia - Mandinka	http://ftp.1000genomes.ebi.ac.uk/vol1/ftp/data_collections/1000G_2504_high_coverage/20200526_1000G_2504plus698_high_cov_data_reuse_README.txt
ftp://ftp.sra.ebi.ac.uk/vol1/run/ERR324/ERR3242439/HG02851.final.cram	ee699333e54a836a22c25b441e6a73ae	1000 Genomes 30x on GRCh38	alignment	PCR-free high coverage	HG02851	Gambian in Western Division, The Gambia - Mandinka	http://ftp.1000genomes.ebi.ac.uk/vol1/ftp/data_collections/1000G_2504_high_coverage/20200526_1000G_2504plus698_high_cov_data_reuse_README.txt
ftp://ftp.sra.ebi.ac.uk/vol1/run/ERR324/ERR3242446/HG03028.final.cram	3e7729a92f0f9f9c6203ee399d453dc9	1000 Genomes 30x on GRCh38	alignment	PCR-free high coverage	HG03028	Gambian in Western Division, The Gambia - Mandinka	http://ftp.1000genomes.ebi.ac.uk/vol1/ftp/data_collections/1000G_2504_high_coverage/20200526_1000G_2504plus698_high_cov_data_reuse_README.txt
ftp://ftp.sra.ebi.ac.uk/vol1/run/ERR324/ERR3242451/HG03048.final.cram	e00a8d344e67f29521873345b262f61e	1000 Genomes 30x on GRCh38	alignment	PCR-free high coverage	HG03048	Gambian in Western Division, The Gambia - Mandinka	http://ftp.1000genomes.ebi.ac.uk/vol1/ftp/data_collections/1000G_2504_high_coverage/20200526_1000G_2504plus698_high_cov_data_reuse_README.txt
ftp://ftp.sra.ebi.ac.uk/vol1/run/ERR324/ERR3242366/HG02574.final.cram	cf638806ce4ec63d53dd3dddae64e36c	1000 Genomes 30x on GRCh38	alignment	PCR-free high coverage	HG02574	Gambian in Western Division, The Gambia - Mandinka	http://ftp.1000genomes.ebi.ac.uk/vol1/ftp/data_collections/1000G_2504_high_coverage/20200526_1000G_2504plus698_high_cov_data_reuse_README.txt
ftp://ftp.sra.ebi.ac.uk/vol1/run/ERR324/ERR3242368/HG02583.final.cram	3753f31c907cbdbab3e875503d0435ac	1000 Genomes 30x on GRCh38	alignment	PCR-free high coverage	HG02583	Gambian in Western Division, The Gambia - Mandinka	http://ftp.1000genomes.ebi.ac.uk/vol1/ftp/data_collections/1000G_2504_high_coverage/20200526_1000G_2504plus698_high_cov_data_reuse_README.txt
ftp://ftp.sra.ebi.ac.uk/vol1/run/ERR324/ERR3242373/HG02594.final.cram	43b3cfa43288a839575cbe47842a5a91	1000 Genomes 30x on GRCh38	alignment	PCR-free high coverage	HG02594	Gambian in Western Division, The Gambia - Mandinka	http://ftp.1000genomes.ebi.ac.uk/vol1/ftp/data_collections/1000G_2504_high_coverage/20200526_1000G_2504plus698_high_cov_data_reuse_README.txt
ftp://ftp.sra.ebi.ac.uk/vol1/run/ERR324/ERR3242380/HG02624.final.cram	61f43c7822cf730c4cb747ad05999015	1000 Genomes 30x on GRCh38	alignment	PCR-free high coverage	HG02624	Gambian in Western Division, The Gambia - Mandinka	http://ftp.1000genomes.ebi.ac.uk/vol1/ftp/data_collections/1000G_2504_high_coverage/20200526_1000G_2504plus698_high_cov_data_reuse_README.txt
ftp://ftp.sra.ebi.ac.uk/vol1/run/ERR324/ERR3242385/HG02645.final.cram	82df1c1e67cce8686fee75582a4b8438	1000 Genomes 30x on GRCh38	alignment	PCR-free high coverage	HG02645	Gambian in Western Division, The Gambia - Mandinka	http://ftp.1000genomes.ebi.ac.uk/vol1/ftp/data_collections/1000G_2504_high_coverage/20200526_1000G_2504plus698_high_cov_data_reuse_README.txt
ftp://ftp.sra.ebi.ac.uk/vol1/run/ERR324/ERR3242452/HG03049.final.cram	c2b16ef7f9cdb473990c57f28a305203	1000 Genomes 30x on GRCh38	alignment	PCR-free high coverage	HG03049	Gambian in Western Division, The Gambia - Mandinka	http://ftp.1000genomes.ebi.ac.uk/vol1/ftp/data_collections/1000G_2504_high_coverage/20200526_1000G_2504plus698_high_cov_data_reuse_README.txt
ftp://ftp.sra.ebi.ac.uk/vol1/run/ERR324/ERR3242459/HG02836.final.cram	ad502125a58806cc01780ec5ba0d750f	1000 Genomes 30x on GRCh38	alignment	PCR-free high coverage	HG02836	Gambian in Western Division, The Gambia - Mandinka	http://ftp.1000genomes.ebi.ac.uk/vol1/ftp/data_collections/1000G_2504_high_coverage/20200526_1000G_2504plus698_high_cov_data_reuse_README.txt
ftp://ftp.sra.ebi.ac.uk/vol1/run/ERR324/ERR3242464/HG02885.final.cram	744eeb920127fe2a727840f8e261270e	1000 Genomes 30x on GRCh38	alignment	PCR-free high coverage	HG02885	Gambian in Western Division, The Gambia - Mandinka	http://ftp.1000genomes.ebi.ac.uk/vol1/ftp/data_collections/1000G_2504_high_coverage/20200526_1000G_2504plus698_high_cov_data_reuse_README.txt
ftp://ftp.sra.ebi.ac.uk/vol1/run/ERR324/ERR3242466/HG02891.final.cram	569badb6f8913b5d61c701d73482bb45	1000 Genomes 30x on GRCh38	alignment	PCR-free high coverage	HG02891	Gambian in Western Division, The Gambia - Mandinka	http://ftp.1000genomes.ebi.ac.uk/vol1/ftp/data_collections/1000G_2504_high_coverage/20200526_1000G_2504plus698_high_cov_data_reuse_README.txt
ftp://ftp.sra.ebi.ac.uk/vol1/run/ERR324/ERR3242386/HG02646.final.cram	697d9a0e3385a7366a747f063f3a0774	1000 Genomes 30x on GRCh38	alignment	PCR-free high coverage	HG02646	Gambian in Western Division, The Gambia - Mandinka	http://ftp.1000genomes.ebi.ac.uk/vol1/ftp/data_collections/1000G_2504_high_coverage/20200526_1000G_2504plus698_high_cov_data_reuse_README.txt
ftp://ftp.sra.ebi.ac.uk/vol1/run/ERR324/ERR3242393/HG02702.final.cram	f55058546d3d559516fb96e3d80cfa55	1000 Genomes 30x on GRCh38	alignment	PCR-free high coverage	HG02702	Gambian in Western Division, The Gambia - Mandinka	http://ftp.1000genomes.ebi.ac.uk/vol1/ftp/data_collections/1000G_2504_high_coverage/20200526_1000G_2504plus698_high_cov_data_reuse_README.txt
ftp://ftp.sra.ebi.ac.uk/vol1/run/ERR324/ERR3242418/HG02611.final.cram	1e07f117ebdb019bd0e693455609f3b1	1000 Genomes 30x on GRCh38	alignment	PCR-free high coverage	HG02611	Gambian in Western Division, The Gambia - Mandinka	http://ftp.1000genomes.ebi.ac.uk/vol1/ftp/data_collections/1000G_2504_high_coverage/20200526_1000G_2504plus698_high_cov_data_reuse_README.txt
ftp://ftp.sra.ebi.ac.uk/vol1/run/ERR324/ERR3242425/HG02771.final.cram	ca640d4023c65a07514c259187812113	1000 Genomes 30x on GRCh38	alignment	PCR-free high coverage	HG02771	Gambian in Western Division, The Gambia - Mandinka	http://ftp.1000genomes.ebi.ac.uk/vol1/ftp/data_collections/1000G_2504_high_coverage/20200526_1000G_2504plus698_high_cov_data_reuse_README.txt
ftp://ftp.sra.ebi.ac.uk/vol1/run/ERR324/ERR3242431/HG02807.final.cram	d80766c9e7bfbc15041945bfc908d8d3	1000 Genomes 30x on GRCh38	alignment	PCR-free high coverage	HG02807	Gambian in Western Division, The Gambia - Mandinka	http://ftp.1000genomes.ebi.ac.uk/vol1/ftp/data_collections/1000G_2504_high_coverage/20200526_1000G_2504plus698_high_cov_data_reuse_README.txt
ftp://ftp.sra.ebi.ac.uk/vol1/run/ERR324/ERR3242438/HG02840.final.cram	c12a0ee0f97c89f4ecafa8d05fb3d1af	1000 Genomes 30x on GRCh38	alignment	PCR-free high coverage	HG02840	Gambian in Western Division, The Gambia - Mandinka	http://ftp.1000genomes.ebi.ac.uk/vol1/ftp/data_collections/1000G_2504_high_coverage/20200526_1000G_2504plus698_high_cov_data_reuse_README.txt
ftp://ftp.sra.ebi.ac.uk/vol1/run/ERR324/ERR3242443/HG02895.final.cram	386d74f1e586b490c4ce90bee498eaee	1000 Genomes 30x on GRCh38	alignment	PCR-free high coverage	HG02895	Gambian in Western Division, The Gambia - Mandinka	http://ftp.1000genomes.ebi.ac.uk/vol1/ftp/data_collections/1000G_2504_high_coverage/20200526_1000G_2504plus698_high_cov_data_reuse_README.txt
ftp://ftp.sra.ebi.ac.uk/vol1/run/ERR324/ERR3242445/HG03027.final.cram	66b95db472a0c417a20588d379a3918c	1000 Genomes 30x on GRCh38	alignment	PCR-free high coverage	HG03027	Gambian in Western Division, The Gambia - Mandinka	http://ftp.1000genomes.ebi.ac.uk/vol1/ftp/data_collections/1000G_2504_high_coverage/20200526_1000G_2504plus698_high_cov_data_reuse_README.txt
ftp://ftp.sra.ebi.ac.uk/vol1/run/ERR324/ERR3242450/HG03046.final.cram	a6d2b5f87d07bd72ad492bd90ab3cba2	1000 Genomes 30x on GRCh38	alignment	PCR-free high coverage	HG03046	Gambian in Western Division, The Gambia - Mandinka	http://ftp.1000genomes.ebi.ac.uk/vol1/ftp/data_collections/1000G_2504_high_coverage/20200526_1000G_2504plus698_high_cov_data_reuse_README.txt
ftp://ftp.sra.ebi.ac.uk/vol1/run/ERR324/ERR3242523/HG03024.final.cram	fc385e0a8d03076f6bbc1f32ef8d8a5e	1000 Genomes 30x on GRCh38	alignment	PCR-free high coverage	HG03024	Gambian in Western Division, The Gambia - Mandinka	http://ftp.1000genomes.ebi.ac.uk/vol1/ftp/data_collections/1000G_2504_high_coverage/20200526_1000G_2504plus698_high_cov_data_reuse_README.txt
ftp://ftp.sra.ebi.ac.uk/vol1/run/ERR324/ERR3242528/HG03247.final.cram	a45ca17bf56eb5f220094eb0f804fcca	1000 Genomes 30x on GRCh38	alignment	PCR-free high coverage	HG03247	Gambian in Western Division, The Gambia - Mandinka	http://ftp.1000genomes.ebi.ac.uk/vol1/ftp/data_collections/1000G_2504_high_coverage/20200526_1000G_2504plus698_high_cov_data_reuse_README.txt
ftp://ftp.sra.ebi.ac.uk/vol1/run/ERR324/ERR3242530/HG03539.final.cram	7b776584731aa1c1060da550df1cd983	1000 Genomes 30x on GRCh38	alignment	PCR-free high coverage	HG03539	Gambian in Western Division, The Gambia - Mandinka	http://ftp.1000genomes.ebi.ac.uk/vol1/ftp/data_collections/1000G_2504_high_coverage/20200526_1000G_2504plus698_high_cov_data_reuse_README.txt
ftp://ftp.sra.ebi.ac.uk/vol1/run/ERR398/ERR3989017/HG02463.final.cram	cf840de20da1088ced03913d60a20bab	1000 Genomes 30x on GRCh38	alignment	PCR-free high coverage	HG02463	Gambian in Western Division, The Gambia - Mandinka	http://ftp.1000genomes.ebi.ac.uk/vol1/ftp/data_collections/1000G_2504_high_coverage/20200526_1000G_2504plus698_high_cov_data_reuse_README.txt
ftp://ftp.sra.ebi.ac.uk/vol1/run/ERR398/ERR3989029/HG02575.final.cram	fb9e81afef0727816805bd4ecf63ff5c	1000 Genomes 30x on GRCh38	alignment	PCR-free high coverage	HG02575	Gambian in Western Division, The Gambia - Mandinka	http://ftp.1000genomes.ebi.ac.uk/vol1/ftp/data_collections/1000G_2504_high_coverage/20200526_1000G_2504plus698_high_cov_data_reuse_README.txt
ftp://ftp.sra.ebi.ac.uk/vol1/run/ERR324/ERR3242458/HG02817.final.cram	966e0bbcb3be3a70fd0a7df522b65d09	1000 Genomes 30x on GRCh38	alignment	PCR-free high coverage	HG02817	Gambian in Western Division, The Gambia - Mandinka	http://ftp.1000genomes.ebi.ac.uk/vol1/ftp/data_collections/1000G_2504_high_coverage/20200526_1000G_2504plus698_high_cov_data_reuse_README.txt
ftp://ftp.sra.ebi.ac.uk/vol1/run/ERR324/ERR3242463/HG02884.final.cram	c891035a0b8f5da05dd884fc4c83a12d	1000 Genomes 30x on GRCh38	alignment	PCR-free high coverage	HG02884	Gambian in Western Division, The Gambia - Mandinka	http://ftp.1000genomes.ebi.ac.uk/vol1/ftp/data_collections/1000G_2504_high_coverage/20200526_1000G_2504plus698_high_cov_data_reuse_README.txt
ftp://ftp.sra.ebi.ac.uk/vol1/run/ERR398/ERR3989039/HG02625.final.cram	e71b70fa97559014734976a61d200372	1000 Genomes 30x on GRCh38	alignment	PCR-free high coverage	HG02625	Gambian in Western Division, The Gambia - Mandinka	http://ftp.1000genomes.ebi.ac.uk/vol1/ftp/data_collections/1000G_2504_high_coverage/20200526_1000G_2504plus698_high_cov_data_reuse_README.txt
ftp://ftp.sra.ebi.ac.uk/vol1/run/ERR398/ERR3989041/HG02636.final.cram	01c63ea10c6eb7dbf7047d2acf7dc1e1	1000 Genomes 30x on GRCh38	alignment	PCR-free high coverage	HG02636	Gambian in Western Division, The Gambia - Mandinka	http://ftp.1000genomes.ebi.ac.uk/vol1/ftp/data_collections/1000G_2504_high_coverage/20200526_1000G_2504plus698_high_cov_data_reuse_README.txt
ftp://ftp.sra.ebi.ac.uk/vol1/run/ERR398/ERR3989069/HG02773.final.cram	9adb7d29627eb1f7aa05047f222a3399	1000 Genomes 30x on GRCh38	alignment	PCR-free high coverage	HG02773	Gambian in Western Division, The Gambia - Mandinka	http://ftp.1000genomes.ebi.ac.uk/vol1/ftp/data_collections/1000G_2504_high_coverage/20200526_1000G_2504plus698_high_cov_data_reuse_README.txt
ftp://ftp.sra.ebi.ac.uk/vol1/run/ERR398/ERR3989081/HG02821.final.cram	4e4d21eb2958da693be50486d8241ecd	1000 Genomes 30x on GRCh38	alignment	PCR-free high coverage	HG02821	Gambian in Western Division, The Gambia - Mandinka	http://ftp.1000genomes.ebi.ac.uk/vol1/ftp/data_collections/1000G_2504_high_coverage/20200526_1000G_2504plus698_high_cov_data_reuse_README.txt
ftp://ftp.sra.ebi.ac.uk/vol1/run/ERR398/ERR3989086/HG02862.final.cram	935dd25b9e54309e770b8002e2d394a6	1000 Genomes 30x on GRCh38	alignment	PCR-free high coverage	HG02862	Gambian in Western Division, The Gambia - Mandinka	http://ftp.1000genomes.ebi.ac.uk/vol1/ftp/data_collections/1000G_2504_high_coverage/20200526_1000G_2504plus698_high_cov_data_reuse_README.txt
ftp://ftp.sra.ebi.ac.uk/vol1/run/ERR398/ERR3989110/HG03029.final.cram	0725900a7b449fa9426beb660dee7933	1000 Genomes 30x on GRCh38	alignment	PCR-free high coverage	HG03029	Gambian in Western Division, The Gambia - Mandinka	http://ftp.1000genomes.ebi.ac.uk/vol1/ftp/data_collections/1000G_2504_high_coverage/20200526_1000G_2504plus698_high_cov_data_reuse_README.txt
ftp://ftp.sra.ebi.ac.uk/vol1/run/ERR398/ERR3989144/HG03251.final.cram	635c96461930e1a0436eb9dbaba27de7	1000 Genomes 30x on GRCh38	alignment	PCR-free high coverage	HG03251	Gambian in Western Division, The Gambia - Mandinka	http://ftp.1000genomes.ebi.ac.uk/vol1/ftp/data_collections/1000G_2504_high_coverage/20200526_1000G_2504plus698_high_cov_data_reuse_README.txt
ftp://ftp.sra.ebi.ac.uk/vol1/run/ERR324/ERR3242527/HG03246.final.cram	64f211f8f4c44656d47f81eb689126fc	1000 Genomes 30x on GRCh38	alignment	PCR-free high coverage	HG03246	Gambian in Western Division, The Gambia - Mandinka	http://ftp.1000genomes.ebi.ac.uk/vol1/ftp/data_collections/1000G_2504_high_coverage/20200526_1000G_2504plus698_high_cov_data_reuse_README.txt
ftp://ftp.sra.ebi.ac.uk/vol1/run/ERR324/ERR3242534/HG02855.final.cram	0cb15904554edc110361fbac739beae4	1000 Genomes 30x on GRCh38	alignment	PCR-free high coverage	HG02855	Gambian in Western Division, The Gambia - Mandinka	http://ftp.1000genomes.ebi.ac.uk/vol1/ftp/data_collections/1000G_2504_high_coverage/20200526_1000G_2504plus698_high_cov_data_reuse_README.txt
ftp://ftp.sra.ebi.ac.uk/vol1/run/ERR398/ERR3989028/HG02572.final.cram	fd25220aded00c2e813d71a25907e696	1000 Genomes 30x on GRCh38	alignment	PCR-free high coverage	HG02572	Gambian in Western Division, The Gambia - Mandinka	http://ftp.1000genomes.ebi.ac.uk/vol1/ftp/data_collections/1000G_2504_high_coverage/20200526_1000G_2504plus698_high_cov_data_reuse_README.txt
ftp://ftp.sra.ebi.ac.uk/vol1/run/ERR398/ERR3989177/HG03540.final.cram	3637ba7eb1a27d5930bbec9281f2cc20	1000 Genomes 30x on GRCh38	alignment	PCR-free high coverage	HG03540	Gambian in Western Division, The Gambia - Mandinka	http://ftp.1000genomes.ebi.ac.uk/vol1/ftp/data_collections/1000G_2504_high_coverage/20200526_1000G_2504plus698_high_cov_data_reuse_README.txt
ftp://ftp.sra.ebi.ac.uk/vol1/run/ERR398/ERR3989033/HG02596.final.cram	dd4dc1770f7176ab0edba2a6eaeb9654	1000 Genomes 30x on GRCh38	alignment	PCR-free high coverage	HG02596	Gambian in Western Division, The Gambia - Mandinka	http://ftp.1000genomes.ebi.ac.uk/vol1/ftp/data_collections/1000G_2504_high_coverage/20200526_1000G_2504plus698_high_cov_data_reuse_README.txt
ftp://ftp.sra.ebi.ac.uk/vol1/run/ERR398/ERR3989038/HG02622.final.cram	2cdc0b5492c8a8481613ff8cad9e87cd	1000 Genomes 30x on GRCh38	alignment	PCR-free high coverage	HG02622	Gambian in Western Division, The Gambia - Mandinka	http://ftp.1000genomes.ebi.ac.uk/vol1/ftp/data_collections/1000G_2504_high_coverage/20200526_1000G_2504plus698_high_cov_data_reuse_README.txt
ftp://ftp.sra.ebi.ac.uk/vol1/run/ERR398/ERR3989050/HG02677.final.cram	2e1d618d2cd45550489d89d888c7e05d	1000 Genomes 30x on GRCh38	alignment	PCR-free high coverage	HG02677	Gambian in Western Division, The Gambia - Mandinka	http://ftp.1000genomes.ebi.ac.uk/vol1/ftp/data_collections/1000G_2504_high_coverage/20200526_1000G_2504plus698_high_cov_data_reuse_README.txt
ftp://ftp.sra.ebi.ac.uk/vol1/run/ERR398/ERR3989051/HG02680.final.cram	34f5d9fd1e21aa7db751f322a2f50221	1000 Genomes 30x on GRCh38	alignment	PCR-free high coverage	HG02680	Gambian in Western Division, The Gambia - Mandinka	http://ftp.1000genomes.ebi.ac.uk/vol1/ftp/data_collections/1000G_2504_high_coverage/20200526_1000G_2504plus698_high_cov_data_reuse_README.txt
ftp://ftp.sra.ebi.ac.uk/vol1/run/ERR398/ERR3989068/HG02770.final.cram	c64de69c3e057f10216ba1983bd475b8	1000 Genomes 30x on GRCh38	alignment	PCR-free high coverage	HG02770	Gambian in Western Division, The Gambia - Mandinka	http://ftp.1000genomes.ebi.ac.uk/vol1/ftp/data_collections/1000G_2504_high_coverage/20200526_1000G_2504plus698_high_cov_data_reuse_README.txt
ftp://ftp.sra.ebi.ac.uk/vol1/run/ERR398/ERR3989078/HG02812.final.cram	b01b48edd110150eec579c7c4ebc2104	1000 Genomes 30x on GRCh38	alignment	PCR-free high coverage	HG02812	Gambian in Western Division, The Gambia - Mandinka	http://ftp.1000genomes.ebi.ac.uk/vol1/ftp/data_collections/1000G_2504_high_coverage/20200526_1000G_2504plus698_high_cov_data_reuse_README.txt
ftp://ftp.sra.ebi.ac.uk/vol1/run/ERR398/ERR3989085/HG02856.final.cram	b0c3cbacc376b130ffdd8c7ee374182a	1000 Genomes 30x on GRCh38	alignment	PCR-free high coverage	HG02856	Gambian in Western Division, The Gambia - Mandinka	http://ftp.1000genomes.ebi.ac.uk/vol1/ftp/data_collections/1000G_2504_high_coverage/20200526_1000G_2504plus698_high_cov_data_reuse_README.txt
ftp://ftp.sra.ebi.ac.uk/vol1/run/ERR398/ERR3989092/HG02889.final.cram	bfd76b4989f5dc316aea526b15f2a5be	1000 Genomes 30x on GRCh38	alignment	PCR-free high coverage	HG02889	Gambian in Western Division, The Gambia - Mandinka	http://ftp.1000genomes.ebi.ac.uk/vol1/ftp/data_collections/1000G_2504_high_coverage/20200526_1000G_2504plus698_high_cov_data_reuse_README.txt
ftp://ftp.sra.ebi.ac.uk/vol1/run/ERR398/ERR3989094/HG02897.final.cram	7c633f76276f85dd02985cfe5677fdb1	1000 Genomes 30x on GRCh38	alignment	PCR-free high coverage	HG02897	Gambian in Western Division, The Gambia - Mandinka	http://ftp.1000genomes.ebi.ac.uk/vol1/ftp/data_collections/1000G_2504_high_coverage/20200526_1000G_2504plus698_high_cov_data_reuse_README.txt
ftp://ftp.sra.ebi.ac.uk/vol1/run/ERR398/ERR3989109/HG03026.final.cram	15dfdd59bde9299f776e01cd07c8cba9	1000 Genomes 30x on GRCh38	alignment	PCR-free high coverage	HG03026	Gambian in Western Division, The Gambia - Mandinka	http://ftp.1000genomes.ebi.ac.uk/vol1/ftp/data_collections/1000G_2504_high_coverage/20200526_1000G_2504plus698_high_cov_data_reuse_README.txt
ftp://ftp.sra.ebi.ac.uk/vol1/run/ERR398/ERR3989116/HG03050.final.cram	5f5b8137c946750817d2913afe04add3	1000 Genomes 30x on GRCh38	alignment	PCR-free high coverage	HG03050	Gambian in Western Division, The Gambia - Mandinka	http://ftp.1000genomes.ebi.ac.uk/vol1/ftp/data_collections/1000G_2504_high_coverage/20200526_1000G_2504plus698_high_cov_data_reuse_README.txt
ftp://ftp.sra.ebi.ac.uk/vol1/run/ERR398/ERR3989143/HG03250.final.cram	b901e618935b565b6270e3d2f464215a	1000 Genomes 30x on GRCh38	alignment	PCR-free high coverage	HG03250	Gambian in Western Division, The Gambia - Mandinka	http://ftp.1000genomes.ebi.ac.uk/vol1/ftp/data_collections/1000G_2504_high_coverage/20200526_1000G_2504plus698_high_cov_data_reuse_README.txt
ftp://ftp.sra.ebi.ac.uk/vol1/run/ERR324/ERR3242942/HG02760.final.cram	1ac9886134287cf597f9619ca586c870	1000 Genomes 30x on GRCh38	alignment	PCR-free high coverage	HG02760	Gambian in Western Division, The Gambia - Mandinka	http://ftp.1000genomes.ebi.ac.uk/vol1/ftp/data_collections/1000G_2504_high_coverage/20200526_1000G_2504plus698_high_cov_data_reuse_README.txt
ftp://ftp.sra.ebi.ac.uk/vol1/run/ERR324/ERR3242944/HG02870.final.cram	6dc7b7d210de574664ddbcd5e933ddb0	1000 Genomes 30x on GRCh38	alignment	PCR-free high coverage	HG02870	Gambian in Western Division, The Gambia - Mandinka	http://ftp.1000genomes.ebi.ac.uk/vol1/ftp/data_collections/1000G_2504_high_coverage/20200526_1000G_2504plus698_high_cov_data_reuse_README.txt
ftp://ftp.sra.ebi.ac.uk/vol1/run/ERR324/ERR3242949/HG02982.final.cram	f0093fac6ad3d046d8c52f9f65ba82ec	1000 Genomes 30x on GRCh38	alignment	PCR-free high coverage	HG02982	Gambian in Western Division, The Gambia - Mandinka	http://ftp.1000genomes.ebi.ac.uk/vol1/ftp/data_collections/1000G_2504_high_coverage/20200526_1000G_2504plus698_high_cov_data_reuse_README.txt
ftp://ftp.sra.ebi.ac.uk/vol1/run/ERR324/ERR3242943/HG02763.final.cram	619843467c2edb704e527861ba5472e0	1000 Genomes 30x on GRCh38	alignment	PCR-free high coverage	HG02763	Gambian in Western Division, The Gambia - Mandinka	http://ftp.1000genomes.ebi.ac.uk/vol1/ftp/data_collections/1000G_2504_high_coverage/20200526_1000G_2504plus698_high_cov_data_reuse_README.txt
ftp://ftp.sra.ebi.ac.uk/vol1/run/ERR324/ERR3242945/HG02878.final.cram	078887ec151073713b31767a5aac5316	1000 Genomes 30x on GRCh38	alignment	PCR-free high coverage	HG02878	Gambian in Western Division, The Gambia - Mandinka	http://ftp.1000genomes.ebi.ac.uk/vol1/ftp/data_collections/1000G_2504_high_coverage/20200526_1000G_2504plus698_high_cov_data_reuse_README.txt
ftp://ftp.sra.ebi.ac.uk/vol1/run/ERR324/ERR3242950/HG02983.final.cram	9188be9f921c3bf9cb91330289c0f1cd	1000 Genomes 30x on GRCh38	alignment	PCR-free high coverage	HG02983	Gambian in Western Division, The Gambia - Mandinka	http://ftp.1000genomes.ebi.ac.uk/vol1/ftp/data_collections/1000G_2504_high_coverage/20200526_1000G_2504plus698_high_cov_data_reuse_README.txt
ftp://ftp.sra.ebi.ac.uk/vol1/run/ERR324/ERR3242357/HG02461.final.cram	d20b236885d5fd5c84caaf39df323643	1000 Genomes 30x on GRCh38	alignment	PCR-free high coverage	HG02461	Gambian in Western Division, The Gambia - Mandinka	http://ftp.1000genomes.ebi.ac.uk/vol1/ftp/data_collections/1000G_2504_high_coverage/20200526_1000G_2504plus698_high_cov_data_reuse_README.txt
ftp://ftp.sra.ebi.ac.uk/vol1/run/ERR324/ERR3242362/HG02562.final.cram	c71d7223bf53e2f902ab1a96bcd04869	1000 Genomes 30x on GRCh38	alignment	PCR-free high coverage	HG02562	Gambian in Western Division, The Gambia - Mandinka	http://ftp.1000genomes.ebi.ac.uk/vol1/ftp/data_collections/1000G_2504_high_coverage/20200526_1000G_2504plus698_high_cov_data_reuse_README.txt
ftp://ftp.sra.ebi.ac.uk/vol1/run/ERR324/ERR3242370/HG02586.final.cram	16f4a844d5d6fa91a1a430fa36313869	1000 Genomes 30x on GRCh38	alignment	PCR-free high coverage	HG02586	Gambian in Western Division, The Gambia - Mandinka	http://ftp.1000genomes.ebi.ac.uk/vol1/ftp/data_collections/1000G_2504_high_coverage/20200526_1000G_2504plus698_high_cov_data_reuse_README.txt
ftp://ftp.sra.ebi.ac.uk/vol1/run/ERR324/ERR3242375/HG02613.final.cram	9939b2d8a701e182bdb2a04c99419432	1000 Genomes 30x on GRCh38	alignment	PCR-free high coverage	HG02613	Gambian in Western Division, The Gambia - Mandinka	http://ftp.1000genomes.ebi.ac.uk/vol1/ftp/data_collections/1000G_2504_high_coverage/20200526_1000G_2504plus698_high_cov_data_reuse_README.txt
ftp://ftp.sra.ebi.ac.uk/vol1/run/ERR324/ERR3242382/HG02629.final.cram	9bceacdfb28bc6aba386232506782c28	1000 Genomes 30x on GRCh38	alignment	PCR-free high coverage	HG02629	Gambian in Western Division, The Gambia - Mandinka	http://ftp.1000genomes.ebi.ac.uk/vol1/ftp/data_collections/1000G_2504_high_coverage/20200526_1000G_2504plus698_high_cov_data_reuse_README.txt
ftp://ftp.sra.ebi.ac.uk/vol1/run/ERR324/ERR3242388/HG02667.final.cram	36c12b23b8ee85c1b4a41c64af6f8eb3	1000 Genomes 30x on GRCh38	alignment	PCR-free high coverage	HG02667	Gambian in Western Division, The Gambia - Mandinka	http://ftp.1000genomes.ebi.ac.uk/vol1/ftp/data_collections/1000G_2504_high_coverage/20200526_1000G_2504plus698_high_cov_data_reuse_README.txt
ftp://ftp.sra.ebi.ac.uk/vol1/run/ERR324/ERR3242390/HG02676.final.cram	c039f11139c280a04f686c9c34a7a80a	1000 Genomes 30x on GRCh38	alignment	PCR-free high coverage	HG02676	Gambian in Western Division, The Gambia - Mandinka	http://ftp.1000genomes.ebi.ac.uk/vol1/ftp/data_collections/1000G_2504_high_coverage/20200526_1000G_2504plus698_high_cov_data_reuse_README.txt
ftp://ftp.sra.ebi.ac.uk/vol1/run/ERR324/ERR3242395/HG02721.final.cram	777af6b07618e7c28a498b7023bcc4fe	1000 Genomes 30x on GRCh38	alignment	PCR-free high coverage	HG02721	Gambian in Western Division, The Gambia - Mandinka	http://ftp.1000genomes.ebi.ac.uk/vol1/ftp/data_collections/1000G_2504_high_coverage/20200526_1000G_2504plus698_high_cov_data_reuse_README.txt
ftp://ftp.sra.ebi.ac.uk/vol1/run/ERR324/ERR3242420/HG02635.final.cram	dfbdae9f920239f0ddf71341f24a33eb	1000 Genomes 30x on GRCh38	alignment	PCR-free high coverage	HG02635	Gambian in Western Division, The Gambia - Mandinka	http://ftp.1000genomes.ebi.ac.uk/vol1/ftp/data_collections/1000G_2504_high_coverage/20200526_1000G_2504plus698_high_cov_data_reuse_README.txt
ftp://ftp.sra.ebi.ac.uk/vol1/run/ERR324/ERR3242422/HG02716.final.cram	e436d8e2ed3ca2f8e9fd1c87b539ad1c	1000 Genomes 30x on GRCh38	alignment	PCR-free high coverage	HG02716	Gambian in Western Division, The Gambia - Mandinka	http://ftp.1000genomes.ebi.ac.uk/vol1/ftp/data_collections/1000G_2504_high_coverage/20200526_1000G_2504plus698_high_cov_data_reuse_README.txt
ftp://ftp.sra.ebi.ac.uk/vol1/run/ERR324/ERR3242427/HG02798.final.cram	05337ab264e94a1472b550bff97709be	1000 Genomes 30x on GRCh38	alignment	PCR-free high coverage	HG02798	Gambian in Western Division, The Gambia - Mandinka	http://ftp.1000genomes.ebi.ac.uk/vol1/ftp/data_collections/1000G_2504_high_coverage/20200526_1000G_2504plus698_high_cov_data_reuse_README.txt
ftp://ftp.sra.ebi.ac.uk/vol1/run/ERR324/ERR3242358/HG02462.final.cram	3e537cb970349f28705c862bf0e03a1c	1000 Genomes 30x on GRCh38	alignment	PCR-free high coverage	HG02462	Gambian in Western Division, The Gambia - Mandinka	http://ftp.1000genomes.ebi.ac.uk/vol1/ftp/data_collections/1000G_2504_high_coverage/20200526_1000G_2504plus698_high_cov_data_reuse_README.txt
ftp://ftp.sra.ebi.ac.uk/vol1/run/ERR324/ERR3242363/HG02570.final.cram	07f09004507faeb4d33ce2855b1d249f	1000 Genomes 30x on GRCh38	alignment	PCR-free high coverage	HG02570	Gambian in Western Division, The Gambia - Mandinka	http://ftp.1000genomes.ebi.ac.uk/vol1/ftp/data_collections/1000G_2504_high_coverage/20200526_1000G_2504plus698_high_cov_data_reuse_README.txt
ftp://ftp.sra.ebi.ac.uk/vol1/run/ERR324/ERR3242433/HG02810.final.cram	bc3683a0efce3690cb2ca0f63d7606e3	1000 Genomes 30x on GRCh38	alignment	PCR-free high coverage	HG02810	Gambian in Western Division, The Gambia - Mandinka	http://ftp.1000genomes.ebi.ac.uk/vol1/ftp/data_collections/1000G_2504_high_coverage/20200526_1000G_2504plus698_high_cov_data_reuse_README.txt
ftp://ftp.sra.ebi.ac.uk/vol1/run/ERR324/ERR3242435/HG02813.final.cram	178eda3a79dd4c81531c4e72d85765e3	1000 Genomes 30x on GRCh38	alignment	PCR-free high coverage	HG02813	Gambian in Western Division, The Gambia - Mandinka	http://ftp.1000genomes.ebi.ac.uk/vol1/ftp/data_collections/1000G_2504_high_coverage/20200526_1000G_2504plus698_high_cov_data_reuse_README.txt
ftp://ftp.sra.ebi.ac.uk/vol1/run/ERR324/ERR3242440/HG02852.final.cram	d3a0d017ac9cc06cff41e945bf3d3dd0	1000 Genomes 30x on GRCh38	alignment	PCR-free high coverage	HG02852	Gambian in Western Division, The Gambia - Mandinka	http://ftp.1000genomes.ebi.ac.uk/vol1/ftp/data_collections/1000G_2504_high_coverage/20200526_1000G_2504plus698_high_cov_data_reuse_README.txt
ftp://ftp.sra.ebi.ac.uk/vol1/run/ERR324/ERR3242447/HG03039.final.cram	bfd23e0c3848ed6f356ab41b95ede9d4	1000 Genomes 30x on GRCh38	alignment	PCR-free high coverage	HG03039	Gambian in Western Division, The Gambia - Mandinka	http://ftp.1000genomes.ebi.ac.uk/vol1/ftp/data_collections/1000G_2504_high_coverage/20200526_1000G_2504plus698_high_cov_data_reuse_README.txt
ftp://ftp.sra.ebi.ac.uk/vol1/run/ERR324/ERR3242364/HG02571.final.cram	76d79c95baa35c31fea3ac7cebbecf88	1000 Genomes 30x on GRCh38	alignment	PCR-free high coverage	HG02571	Gambian in Western Division, The Gambia - Mandinka	http://ftp.1000genomes.ebi.ac.uk/vol1/ftp/data_collections/1000G_2504_high_coverage/20200526_1000G_2504plus698_high_cov_data_reuse_README.txt
ftp://ftp.sra.ebi.ac.uk/vol1/run/ERR324/ERR3242371/HG02588.final.cram	85fd1f70e53af758fd574dc4bd589ed7	1000 Genomes 30x on GRCh38	alignment	PCR-free high coverage	HG02588	Gambian in Western Division, The Gambia - Mandinka	http://ftp.1000genomes.ebi.ac.uk/vol1/ftp/data_collections/1000G_2504_high_coverage/20200526_1000G_2504plus698_high_cov_data_reuse_README.txt
ftp://ftp.sra.ebi.ac.uk/vol1/run/ERR324/ERR3242376/HG02614.final.cram	fa19330d5ef3f9557f12593be455f9ca	1000 Genomes 30x on GRCh38	alignment	PCR-free high coverage	HG02614	Gambian in Western Division, The Gambia - Mandinka	http://ftp.1000genomes.ebi.ac.uk/vol1/ftp/data_collections/1000G_2504_high_coverage/20200526_1000G_2504plus698_high_cov_data_reuse_README.txt
ftp://ftp.sra.ebi.ac.uk/vol1/run/ERR324/ERR3242378/HG02621.final.cram	6026423bc2d707c6248c6c70bc5cf3b0	1000 Genomes 30x on GRCh38	alignment	PCR-free high coverage	HG02621	Gambian in Western Division, The Gambia - Mandinka	http://ftp.1000genomes.ebi.ac.uk/vol1/ftp/data_collections/1000G_2504_high_coverage/20200526_1000G_2504plus698_high_cov_data_reuse_README.txt
ftp://ftp.sra.ebi.ac.uk/vol1/run/ERR324/ERR3242383/HG02642.final.cram	23564c584bcfcf1527cf432e0bd6013f	1000 Genomes 30x on GRCh38	alignment	PCR-free high coverage	HG02642	Gambian in Western Division, The Gambia - Mandinka	http://ftp.1000genomes.ebi.ac.uk/vol1/ftp/data_collections/1000G_2504_high_coverage/20200526_1000G_2504plus698_high_cov_data_reuse_README.txt
ftp://ftp.sra.ebi.ac.uk/vol1/run/ERR324/ERR3242453/HG03258.final.cram	392845575606735d3769ec55e8450acf	1000 Genomes 30x on GRCh38	alignment	PCR-free high coverage	HG03258	Gambian in Western Division, The Gambia - Mandinka	http://ftp.1000genomes.ebi.ac.uk/vol1/ftp/data_collections/1000G_2504_high_coverage/20200526_1000G_2504plus698_high_cov_data_reuse_README.txt
ftp://ftp.sra.ebi.ac.uk/vol1/run/ERR324/ERR3242460/HG02837.final.cram	ed60e53467a85f465336aee1c001f633	1000 Genomes 30x on GRCh38	alignment	PCR-free high coverage	HG02837	Gambian in Western Division, The Gambia - Mandinka	http://ftp.1000genomes.ebi.ac.uk/vol1/ftp/data_collections/1000G_2504_high_coverage/20200526_1000G_2504plus698_high_cov_data_reuse_README.txt
ftp://ftp.sra.ebi.ac.uk/vol1/run/ERR324/ERR3242465/HG02890.final.cram	c1969a8e43e91f49869c27c374365cb2	1000 Genomes 30x on GRCh38	alignment	PCR-free high coverage	HG02890	Gambian in Western Division, The Gambia - Mandinka	http://ftp.1000genomes.ebi.ac.uk/vol1/ftp/data_collections/1000G_2504_high_coverage/20200526_1000G_2504plus698_high_cov_data_reuse_README.txt
ftp://ftp.sra.ebi.ac.uk/vol1/run/ERR324/ERR3242389/HG02675.final.cram	5bd7ac8d27fbb33f428cdd219dfbc47c	1000 Genomes 30x on GRCh38	alignment	PCR-free high coverage	HG02675	Gambian in Western Division, The Gambia - Mandinka	http://ftp.1000genomes.ebi.ac.uk/vol1/ftp/data_collections/1000G_2504_high_coverage/20200526_1000G_2504plus698_high_cov_data_reuse_README.txt
ftp://ftp.sra.ebi.ac.uk/vol1/run/ERR324/ERR3242391/HG02678.final.cram	0ab5079558f421660667e2ed3db2077a	1000 Genomes 30x on GRCh38	alignment	PCR-free high coverage	HG02678	Gambian in Western Division, The Gambia - Mandinka	http://ftp.1000genomes.ebi.ac.uk/vol1/ftp/data_collections/1000G_2504_high_coverage/20200526_1000G_2504plus698_high_cov_data_reuse_README.txt
ftp://ftp.sra.ebi.ac.uk/vol1/run/ERR324/ERR3242396/HG02722.final.cram	0e52ad3a6d4fa4949652adf0b2e7f4e3	1000 Genomes 30x on GRCh38	alignment	PCR-free high coverage	HG02722	Gambian in Western Division, The Gambia - Mandinka	http://ftp.1000genomes.ebi.ac.uk/vol1/ftp/data_collections/1000G_2504_high_coverage/20200526_1000G_2504plus698_high_cov_data_reuse_README.txt
ftp://ftp.sra.ebi.ac.uk/vol1/run/ERR324/ERR3242421/HG02715.final.cram	ed48fb1b62d9b25bdc39b6d1abd3fac4	1000 Genomes 30x on GRCh38	alignment	PCR-free high coverage	HG02715	Gambian in Western Division, The Gambia - Mandinka	http://ftp.1000genomes.ebi.ac.uk/vol1/ftp/data_collections/1000G_2504_high_coverage/20200526_1000G_2504plus698_high_cov_data_reuse_README.txt
ftp://ftp.sra.ebi.ac.uk/vol1/run/ERR324/ERR3242423/HG02768.final.cram	c26a8a10b770f1180a6f960dbe5ae07a	1000 Genomes 30x on GRCh38	alignment	PCR-free high coverage	HG02768	Gambian in Western Division, The Gambia - Mandinka	http://ftp.1000genomes.ebi.ac.uk/vol1/ftp/data_collections/1000G_2504_high_coverage/20200526_1000G_2504plus698_high_cov_data_reuse_README.txt
ftp://ftp.sra.ebi.ac.uk/vol1/run/ERR324/ERR3242428/HG02799.final.cram	72b8fe275ba51b44899111fb2ad8b016	1000 Genomes 30x on GRCh38	alignment	PCR-free high coverage	HG02799	Gambian in Western Division, The Gambia - Mandinka	http://ftp.1000genomes.ebi.ac.uk/vol1/ftp/data_collections/1000G_2504_high_coverage/20200526_1000G_2504plus698_high_cov_data_reuse_README.txt
ftp://ftp.sra.ebi.ac.uk/vol1/run/ERR324/ERR3242436/HG02814.final.cram	58a5f305302fdd5d6d746dcf0714244d	1000 Genomes 30x on GRCh38	alignment	PCR-free high coverage	HG02814	Gambian in Western Division, The Gambia - Mandinka	http://ftp.1000genomes.ebi.ac.uk/vol1/ftp/data_collections/1000G_2504_high_coverage/20200526_1000G_2504plus698_high_cov_data_reuse_README.txt
ftp://ftp.sra.ebi.ac.uk/vol1/run/ERR324/ERR3242441/HG02887.final.cram	dbfcc6d710e6f3a5fe98406d5b6f2278	1000 Genomes 30x on GRCh38	alignment	PCR-free high coverage	HG02887	Gambian in Western Division, The Gambia - Mandinka	http://ftp.1000genomes.ebi.ac.uk/vol1/ftp/data_collections/1000G_2504_high_coverage/20200526_1000G_2504plus698_high_cov_data_reuse_README.txt
ftp://ftp.sra.ebi.ac.uk/vol1/run/ERR324/ERR3242448/HG03040.final.cram	659b800137086869a0cba61c886a5708	1000 Genomes 30x on GRCh38	alignment	PCR-free high coverage	HG03040	Gambian in Western Division, The Gambia - Mandinka	http://ftp.1000genomes.ebi.ac.uk/vol1/ftp/data_collections/1000G_2504_high_coverage/20200526_1000G_2504plus698_high_cov_data_reuse_README.txt
ftp://ftp.sra.ebi.ac.uk/vol1/run/ERR324/ERR3242524/HG03025.final.cram	b73514e953b621c42afa76e46a02fddb	1000 Genomes 30x on GRCh38	alignment	PCR-free high coverage	HG03025	Gambian in Western Division, The Gambia - Mandinka	http://ftp.1000genomes.ebi.ac.uk/vol1/ftp/data_collections/1000G_2504_high_coverage/20200526_1000G_2504plus698_high_cov_data_reuse_README.txt
ftp://ftp.sra.ebi.ac.uk/vol1/run/ERR324/ERR3242529/HG03538.final.cram	f8e6c2a8f51df8fc5bcc4fec490940fe	1000 Genomes 30x on GRCh38	alignment	PCR-free high coverage	HG03538	Gambian in Western Division, The Gambia - Mandinka	http://ftp.1000genomes.ebi.ac.uk/vol1/ftp/data_collections/1000G_2504_high_coverage/20200526_1000G_2504plus698_high_cov_data_reuse_README.txt
ftp://ftp.sra.ebi.ac.uk/vol1/run/ERR324/ERR3242531/HG02819.final.cram	10c088fe3cd83515226734ce903c5040	1000 Genomes 30x on GRCh38	alignment	PCR-free high coverage	HG02819	Gambian in Western Division, The Gambia - Mandinka	http://ftp.1000genomes.ebi.ac.uk/vol1/ftp/data_collections/1000G_2504_high_coverage/20200526_1000G_2504plus698_high_cov_data_reuse_README.txt
ftp://ftp.sra.ebi.ac.uk/vol1/run/ERR398/ERR3989018/HG02466.final.cram	2f439de163eaa8bfb34402855594cd10	1000 Genomes 30x on GRCh38	alignment	PCR-free high coverage	HG02466	Gambian in Western Division, The Gambia - Mandinka	http://ftp.1000genomes.ebi.ac.uk/vol1/ftp/data_collections/1000G_2504_high_coverage/20200526_1000G_2504plus698_high_cov_data_reuse_README.txt
ftp://ftp.sra.ebi.ac.uk/vol1/run/ERR324/ERR3242454/HG03259.final.cram	00ef9e389640f77b4f50b0d3c1f13a65	1000 Genomes 30x on GRCh38	alignment	PCR-free high coverage	HG03259	Gambian in Western Division, The Gambia - Mandinka	http://ftp.1000genomes.ebi.ac.uk/vol1/ftp/data_collections/1000G_2504_high_coverage/20200526_1000G_2504plus698_high_cov_data_reuse_README.txt
ftp://ftp.sra.ebi.ac.uk/vol1/run/ERR324/ERR3242456/HG02757.final.cram	83b16d1acead3c256be8aae91342b944	1000 Genomes 30x on GRCh38	alignment	PCR-free high coverage	HG02757	Gambian in Western Division, The Gambia - Mandinka	http://ftp.1000genomes.ebi.ac.uk/vol1/ftp/data_collections/1000G_2504_high_coverage/20200526_1000G_2504plus698_high_cov_data_reuse_README.txt
ftp://ftp.sra.ebi.ac.uk/vol1/run/ERR398/ERR3989040/HG02630.final.cram	90b1964ff8a28729821af8e9c4c0cc74	1000 Genomes 30x on GRCh38	alignment	PCR-free high coverage	HG02630	Gambian in Western Division, The Gambia - Mandinka	http://ftp.1000genomes.ebi.ac.uk/vol1/ftp/data_collections/1000G_2504_high_coverage/20200526_1000G_2504plus698_high_cov_data_reuse_README.txt
ftp://ftp.sra.ebi.ac.uk/vol1/run/ERR324/ERR3242461/HG02860.final.cram	8f2c0840916a8fb5287a8fe7fecb9ddc	1000 Genomes 30x on GRCh38	alignment	PCR-free high coverage	HG02860	Gambian in Western Division, The Gambia - Mandinka	http://ftp.1000genomes.ebi.ac.uk/vol1/ftp/data_collections/1000G_2504_high_coverage/20200526_1000G_2504plus698_high_cov_data_reuse_README.txt
ftp://ftp.sra.ebi.ac.uk/vol1/run/ERR398/ERR3989042/HG02644.final.cram	91d880d56aa68269f4d78f56fe8d0556	1000 Genomes 30x on GRCh38	alignment	PCR-free high coverage	HG02644	Gambian in Western Division, The Gambia - Mandinka	http://ftp.1000genomes.ebi.ac.uk/vol1/ftp/data_collections/1000G_2504_high_coverage/20200526_1000G_2504plus698_high_cov_data_reuse_README.txt
ftp://ftp.sra.ebi.ac.uk/vol1/run/ERR398/ERR3989058/HG02704.final.cram	6c512367ccc3c3d47aef74d747cd1841	1000 Genomes 30x on GRCh38	alignment	PCR-free high coverage	HG02704	Gambian in Western Division, The Gambia - Mandinka	http://ftp.1000genomes.ebi.ac.uk/vol1/ftp/data_collections/1000G_2504_high_coverage/20200526_1000G_2504plus698_high_cov_data_reuse_README.txt
ftp://ftp.sra.ebi.ac.uk/vol1/run/ERR398/ERR3989060/HG02723.final.cram	c51fcb890f3177792f9787e0df0b43fa	1000 Genomes 30x on GRCh38	alignment	PCR-free high coverage	HG02723	Gambian in Western Division, The Gambia - Mandinka	http://ftp.1000genomes.ebi.ac.uk/vol1/ftp/data_collections/1000G_2504_high_coverage/20200526_1000G_2504plus698_high_cov_data_reuse_README.txt
ftp://ftp.sra.ebi.ac.uk/vol1/run/ERR398/ERR3989065/HG02761.final.cram	a9c1af44490ab314948cf14a223984dd	1000 Genomes 30x on GRCh38	alignment	PCR-free high coverage	HG02761	Gambian in Western Division, The Gambia - Mandinka	http://ftp.1000genomes.ebi.ac.uk/vol1/ftp/data_collections/1000G_2504_high_coverage/20200526_1000G_2504plus698_high_cov_data_reuse_README.txt
ftp://ftp.sra.ebi.ac.uk/vol1/run/ERR398/ERR3989075/HG02800.final.cram	3fa3169deafdef73d5357c0d6b447584	1000 Genomes 30x on GRCh38	alignment	PCR-free high coverage	HG02800	Gambian in Western Division, The Gambia - Mandinka	http://ftp.1000genomes.ebi.ac.uk/vol1/ftp/data_collections/1000G_2504_high_coverage/20200526_1000G_2504plus698_high_cov_data_reuse_README.txt
ftp://ftp.sra.ebi.ac.uk/vol1/run/ERR398/ERR3989082/HG02838.final.cram	8b32903c10f80de178269f412ba0b9c5	1000 Genomes 30x on GRCh38	alignment	PCR-free high coverage	HG02838	Gambian in Western Division, The Gambia - Mandinka	http://ftp.1000genomes.ebi.ac.uk/vol1/ftp/data_collections/1000G_2504_high_coverage/20200526_1000G_2504plus698_high_cov_data_reuse_README.txt
ftp://ftp.sra.ebi.ac.uk/vol1/run/ERR398/ERR3989087/HG02869.final.cram	da16f5d314abd3148ba94b92ff991fb3	1000 Genomes 30x on GRCh38	alignment	PCR-free high coverage	HG02869	Gambian in Western Division, The Gambia - Mandinka	http://ftp.1000genomes.ebi.ac.uk/vol1/ftp/data_collections/1000G_2504_high_coverage/20200526_1000G_2504plus698_high_cov_data_reuse_README.txt
ftp://ftp.sra.ebi.ac.uk/vol1/run/ERR398/ERR3989089/HG02880.final.cram	6f411929a8a5bc2b036a0f5ba0c52338	1000 Genomes 30x on GRCh38	alignment	PCR-free high coverage	HG02880	Gambian in Western Division, The Gambia - Mandinka	http://ftp.1000genomes.ebi.ac.uk/vol1/ftp/data_collections/1000G_2504_high_coverage/20200526_1000G_2504plus698_high_cov_data_reuse_README.txt
ftp://ftp.sra.ebi.ac.uk/vol1/run/ERR398/ERR3989106/HG02984.final.cram	47c13539d001c358004b11b992d402f4	1000 Genomes 30x on GRCh38	alignment	PCR-free high coverage	HG02984	Gambian in Western Division, The Gambia - Mandinka	http://ftp.1000genomes.ebi.ac.uk/vol1/ftp/data_collections/1000G_2504_high_coverage/20200526_1000G_2504plus698_high_cov_data_reuse_README.txt
ftp://ftp.sra.ebi.ac.uk/vol1/run/ERR398/ERR3989111/HG03033.final.cram	c4596d7b751105e318faa2f298e1868e	1000 Genomes 30x on GRCh38	alignment	PCR-free high coverage	HG03033	Gambian in Western Division, The Gambia - Mandinka	http://ftp.1000genomes.ebi.ac.uk/vol1/ftp/data_collections/1000G_2504_high_coverage/20200526_1000G_2504plus698_high_cov_data_reuse_README.txt
ftp://ftp.sra.ebi.ac.uk/vol1/run/ERR398/ERR3989145/HG03260.final.cram	d22372ac06ba6bb2c46c61111369fa53	1000 Genomes 30x on GRCh38	alignment	PCR-free high coverage	HG03260	Gambian in Western Division, The Gambia - Mandinka	http://ftp.1000genomes.ebi.ac.uk/vol1/ftp/data_collections/1000G_2504_high_coverage/20200526_1000G_2504plus698_high_cov_data_reuse_README.txt
ftp://ftp.sra.ebi.ac.uk/vol1/run/ERR324/ERR3242525/HG03240.final.cram	4557506f39e44ebd0a82047594b74669	1000 Genomes 30x on GRCh38	alignment	PCR-free high coverage	HG03240	Gambian in Western Division, The Gambia - Mandinka	http://ftp.1000genomes.ebi.ac.uk/vol1/ftp/data_collections/1000G_2504_high_coverage/20200526_1000G_2504plus698_high_cov_data_reuse_README.txt
ftp://ftp.sra.ebi.ac.uk/vol1/run/ERR324/ERR3242532/HG02820.final.cram	adbb08e5439fb93dad8baa00decef5e6	1000 Genomes 30x on GRCh38	alignment	PCR-free high coverage	HG02820	Gambian in Western Division, The Gambia - Mandinka	http://ftp.1000genomes.ebi.ac.uk/vol1/ftp/data_collections/1000G_2504_high_coverage/20200526_1000G_2504plus698_high_cov_data_reuse_README.txt
ftp://ftp.sra.ebi.ac.uk/vol1/run/ERR398/ERR3989026/HG02563.final.cram	aca38109041b56e22e3dff2db4495070	1000 Genomes 30x on GRCh38	alignment	PCR-free high coverage	HG02563	Gambian in Western Division, The Gambia - Mandinka	http://ftp.1000genomes.ebi.ac.uk/vol1/ftp/data_collections/1000G_2504_high_coverage/20200526_1000G_2504plus698_high_cov_data_reuse_README.txt
ftp://ftp.sra.ebi.ac.uk/vol1/run/ERR398/ERR3989036/HG02612.final.cram	6ee0a1ae61911b5252fd13534657f64c	1000 Genomes 30x on GRCh38	alignment	PCR-free high coverage	HG02612	Gambian in Western Division, The Gambia - Mandinka	http://ftp.1000genomes.ebi.ac.uk/vol1/ftp/data_collections/1000G_2504_high_coverage/20200526_1000G_2504plus698_high_cov_data_reuse_README.txt
ftp://ftp.sra.ebi.ac.uk/vol1/run/ERR398/ERR3989043/HG02647.final.cram	edc5947ef1483868afb38af58755d423	1000 Genomes 30x on GRCh38	alignment	PCR-free high coverage	HG02647	Gambian in Western Division, The Gambia - Mandinka	http://ftp.1000genomes.ebi.ac.uk/vol1/ftp/data_collections/1000G_2504_high_coverage/20200526_1000G_2504plus698_high_cov_data_reuse_README.txt
ftp://ftp.sra.ebi.ac.uk/vol1/run/ERR398/ERR3989059/HG02717.final.cram	6ba24828db2859bb003c1cf246bc07bc	1000 Genomes 30x on GRCh38	alignment	PCR-free high coverage	HG02717	Gambian in Western Division, The Gambia - Mandinka	http://ftp.1000genomes.ebi.ac.uk/vol1/ftp/data_collections/1000G_2504_high_coverage/20200526_1000G_2504plus698_high_cov_data_reuse_README.txt
ftp://ftp.sra.ebi.ac.uk/vol1/run/ERR398/ERR3989066/HG02762.final.cram	bb1a7a54ff1cfedd8a2ee555f3026dda	1000 Genomes 30x on GRCh38	alignment	PCR-free high coverage	HG02762	Gambian in Western Division, The Gambia - Mandinka	http://ftp.1000genomes.ebi.ac.uk/vol1/ftp/data_collections/1000G_2504_high_coverage/20200526_1000G_2504plus698_high_cov_data_reuse_README.txt
ftp://ftp.sra.ebi.ac.uk/vol1/run/ERR398/ERR3989076/HG02806.final.cram	79cd75c86c481895031b644d5179204a	1000 Genomes 30x on GRCh38	alignment	PCR-free high coverage	HG02806	Gambian in Western Division, The Gambia - Mandinka	http://ftp.1000genomes.ebi.ac.uk/vol1/ftp/data_collections/1000G_2504_high_coverage/20200526_1000G_2504plus698_high_cov_data_reuse_README.txt
ftp://ftp.sra.ebi.ac.uk/vol1/run/ERR398/ERR3989083/HG02841.final.cram	11e3faf358b641c5e82a5b6daf2f5908	1000 Genomes 30x on GRCh38	alignment	PCR-free high coverage	HG02841	Gambian in Western Division, The Gambia - Mandinka	http://ftp.1000genomes.ebi.ac.uk/vol1/ftp/data_collections/1000G_2504_high_coverage/20200526_1000G_2504plus698_high_cov_data_reuse_README.txt
ftp://ftp.sra.ebi.ac.uk/vol1/run/ERR398/ERR3989088/HG02871.final.cram	1cd03f24e39de926cee113528ad04e92	1000 Genomes 30x on GRCh38	alignment	PCR-free high coverage	HG02871	Gambian in Western Division, The Gambia - Mandinka	http://ftp.1000genomes.ebi.ac.uk/vol1/ftp/data_collections/1000G_2504_high_coverage/20200526_1000G_2504plus698_high_cov_data_reuse_README.txt
ftp://ftp.sra.ebi.ac.uk/vol1/run/ERR398/ERR3989090/HG02883.final.cram	52ba9bd2db781b846baca5a9994cb8c2	1000 Genomes 30x on GRCh38	alignment	PCR-free high coverage	HG02883	Gambian in Western Division, The Gambia - Mandinka	http://ftp.1000genomes.ebi.ac.uk/vol1/ftp/data_collections/1000G_2504_high_coverage/20200526_1000G_2504plus698_high_cov_data_reuse_README.txt
ftp://ftp.sra.ebi.ac.uk/vol1/run/ERR398/ERR3989112/HG03034.final.cram	b62b3febca697ce2238442c02f4a7a11	1000 Genomes 30x on GRCh38	alignment	PCR-free high coverage	HG03034	Gambian in Western Division, The Gambia - Mandinka	http://ftp.1000genomes.ebi.ac.uk/vol1/ftp/data_collections/1000G_2504_high_coverage/20200526_1000G_2504plus698_high_cov_data_reuse_README.txt
ftp://ftp.sra.ebi.ac.uk/vol1/run/ERR398/ERR3989114/HG03041.final.cram	8a7986272083945dda49f7b3fd7be73f	1000 Genomes 30x on GRCh38	alignment	PCR-free high coverage	HG03041	Gambian in Western Division, The Gambia - Mandinka	http://ftp.1000genomes.ebi.ac.uk/vol1/ftp/data_collections/1000G_2504_high_coverage/20200526_1000G_2504plus698_high_cov_data_reuse_README.txt
ftp://ftp.sra.ebi.ac.uk/vol1/run/ERR398/ERR3989141/HG03248.final.cram	f742a98cb7c48665ae1bd532af3f2209	1000 Genomes 30x on GRCh38	alignment	PCR-free high coverage	HG03248	Gambian in Western Division, The Gambia - Mandinka	http://ftp.1000genomes.ebi.ac.uk/vol1/ftp/data_collections/1000G_2504_high_coverage/20200526_1000G_2504plus698_high_cov_data_reuse_README.txt
ftp://ftp.sra.ebi.ac.uk/vol1/run/ERR398/ERR3989031/HG02587.final.cram	d19d5418f7704a077197607d677be4be	1000 Genomes 30x on GRCh38,Human Genome Structural Variation Consortium, Phase 2	alignment	PCR-free high coverage	HG02587	Gambian in Western Division, The Gambia - Mandinka	http://ftp.1000genomes.ebi.ac.uk/vol1/ftp/data_collections/1000G_2504_high_coverage/20200526_1000G_2504plus698_high_cov_data_reuse_README.txt
ftp://ftp.sra.ebi.ac.uk/vol1/run/ERR398/ERR3989080/HG02818.final.cram	da563908c371c98688872317a56d3629	1000 Genomes 30x on GRCh38,Human Genome Structural Variation Consortium, Phase 2	alignment	PCR-free high coverage	HG02818	Gambian in Western Division, The Gambia - Mandinka	http://ftp.1000genomes.ebi.ac.uk/vol1/ftp/data_collections/1000G_2504_high_coverage/20200526_1000G_2504plus698_high_cov_data_reuse_README.txt
